Name,Username,LastChanged
Alice Smith,asmith,2025-06-01
Bob Tanaka,btanaka,2025-05-01
Carol Lee,clee,2025-02-15
David Chen,dchen,2025-03-10
Emma Garcia,egarcia,2025-01-01
Frank Mori,fmori,2025-06-08
Grace Kim,gkim,2025-02-28